Unit,Type,Front,Back,Extra cue,Choices,Visual,Difficulty
7C Muscles and bones,Vocabulary,Respiration,The process cells use to release energy from food. Oxygen and glucose are used; carbon dioxide and water are made.,Do not confuse with breathing. Breathing gets oxygen in; respiration releases energy in cells.,,,2
7C Muscles and bones,Vocabulary,Gas exchange,The swap of gases in the lungs: oxygen moves into the blood and carbon dioxide moves out of the blood.,"Happens in the lungs, then blood carries gases around the body.",,,2
7C Muscles and bones,Vocabulary,Breathing,The muscle movement that makes the lungs expand and contract.,Breathing is the movement; ventilation is the movement of air.,,,2
7C Muscles and bones,Vocabulary,Ventilation,Air moving into and out of the lungs.,Inhalation + exhalation together.,,,2
7C Muscles and bones,Vocabulary,Inhalation,Breathing in.,Diaphragm contracts and moves down; rib muscles help increase chest volume.,,,2
7C Muscles and bones,Vocabulary,Exhalation,Breathing out.,Chest volume decreases; air is forced out.,,,1
7C Muscles and bones,Vocabulary,Diaphragm,A sheet of muscle below the lungs that helps change the volume of the chest.,Contracts and moves down during inhalation.,,,2
7C Muscles and bones,Vocabulary,Intercostal muscles,Muscles between the ribs that move the rib cage during breathing.,Used with the diaphragm.,,,2
7C Muscles and bones,Vocabulary,Oxygen,Gas needed for respiration.,Carried mainly by red blood cells.,,,2
7C Muscles and bones,Vocabulary,Carbon dioxide,Waste gas made by respiration.,Removed from blood at the lungs and exhaled.,,,2
7C Muscles and bones,Vocabulary,Circulatory system,"The heart, blood and blood vessels that transport materials around the body.","Carries oxygen, nutrients and waste products.",,,1
7C Muscles and bones,Vocabulary,Heart,The organ that pumps blood around the body.,Pulse is caused by the heart pumping blood into arteries.,,,1
7C Muscles and bones,Vocabulary,Artery,Blood vessel that carries blood away from the heart.,Usually has thick walls and a pulse.,,,1
7C Muscles and bones,Vocabulary,Vein,Blood vessel that carries blood back towards the heart.,Returns blood to the heart.,,,1
7C Muscles and bones,Vocabulary,Capillary,"Tiny, thin-walled blood vessel where substances move between blood and body cells.","Thin walls help exchange oxygen, nutrients and carbon dioxide.",,,2
7C Muscles and bones,Vocabulary,Plasma,Liquid part of the blood.,Carries dissolved nutrients and other substances.,,,1
7C Muscles and bones,Vocabulary,Red blood cell,Blood cell that carries oxygen using haemoglobin.,Adapted by having large surface area and no nucleus.,,,1
7C Muscles and bones,Vocabulary,White blood cell,Blood cell that helps fight micro-organisms.,Part of body defence.,,,1
7C Muscles and bones,Vocabulary,Bone marrow,Tissue inside some bones where blood cells are made.,Links skeleton to blood production.,,,1
7C Muscles and bones,Vocabulary,Skeleton,The framework of bones that supports and protects the body and helps movement.,"Functions: support, protection, movement.",,,1
7C Muscles and bones,Vocabulary,Skull,Bones that protect the brain.,Example of protection by skeleton.,,,1
7C Muscles and bones,Vocabulary,Ribs/sternum,Bones that protect the lungs and heart.,Another protection example.,,,1
7C Muscles and bones,Vocabulary,Vertebrae/backbone,Small bones forming the spine.,Support the body and protect the spinal cord.,,,1
7C Muscles and bones,Vocabulary,Joint,Place where two or more bones meet.,Can be fixed or flexible.,,,1
7C Muscles and bones,Vocabulary,Fixed joint,Joint where bones meet but do not move much.,Example: skull joints.,,,1
7C Muscles and bones,Vocabulary,Flexible joint,Joint that can be moved by muscles.,Example: elbow.,,,1
7C Muscles and bones,Vocabulary,Hinge joint,Joint that allows back-and-forth movement in one direction.,Example: elbow/knee.,,,1
7C Muscles and bones,Vocabulary,Cartilage,"Smooth, slippery tissue at bone ends that reduces rubbing.",Helps joints move smoothly.,,,1
7C Muscles and bones,Vocabulary,Ligament,Tissue that connects bone to bone.,Different from tendon.,,,1
7C Muscles and bones,Vocabulary,Tendon,Tissue that connects muscle to bone.,Allows muscle pull to move bone.,,,1
7C Muscles and bones,Vocabulary,Muscle,Tissue/organ that can contract and relax to create movement.,Muscles pull; they do not push.,,,1
7C Muscles and bones,Vocabulary,Contract,Get shorter and thicker.,Contracting muscles pull bones.,,,1
7C Muscles and bones,Vocabulary,Relax,Stop pulling strongly; can be stretched longer by the opposite muscle or load.,Muscles pull; they do not actively push themselves longer.,,,1
7C Muscles and bones,Vocabulary,Antagonistic pair,Two muscles that move a bone in opposite directions.,One contracts while the other relaxes.,,,2
7C Muscles and bones,Vocabulary,Biceps and triceps,Arm muscle pair that bends and straightens the elbow.,Biceps contracts to bend; triceps contracts to straighten.,,,1
7C Muscles and bones,Vocabulary,Impulse,Electrical signal in the nervous system.,Carries messages from brain/spinal cord to muscles.,,,1
7C Muscles and bones,Vocabulary,Nervous system,"Brain, spinal cord and nerves.",Controls muscle action and reaction time.,,,1
7C Muscles and bones,Vocabulary,Drug,Substance that affects how the body works.,Medicines are useful drugs; recreational drugs can be harmful.,,,1
7C Muscles and bones,Vocabulary,Stimulant,Drug that speeds up nervous system messages.,Example: caffeine.,,,1
7C Muscles and bones,Vocabulary,Depressant,Drug that slows down nervous system messages.,Example: alcohol.,,,1
7C Muscles and bones,Vocabulary,Reaction time,Time taken to respond to something.,Can be changed by drugs.,,,1
7C Muscles and bones,Vocabulary,Side-effect,Unwanted or harmful effect of a drug.,Important in drug safety/testing.,,,1
7C Muscles and bones,Equation/relationship,Respiration word equation,glucose + oxygen -> carbon dioxide + water + energy released,"This is the main biology equation to memorise. It happens in cells, not just in the lungs.",,,3
7C Muscles and bones,Equation/relationship,Breathing rate,breathing rate = number of breaths per minute,Count one inhale + one exhale as one breath.,,,3
7C Muscles and bones,Equation/relationship,Pulse rate,pulse rate = number of heart beats per minute,"Measured where an artery is close to the skin, such as the wrist or neck.",,,3
7C Muscles and bones,Equation/relationship,Gas exchange direction,oxygen: air in lungs -> blood; carbon dioxide: blood -> air in lungs,Use arrows to describe movement clearly.,,,3
7C Muscles and bones,Equation/relationship,Pressure relationship,pressure = force / area,Useful extension from the skeleton topic: the same force over a smaller area gives greater pressure.,,,3
7C Muscles and bones,Self-test,What is the difference between breathing and respiration?,Breathing moves air in/out of the lungs; respiration releases energy in cells.,,,,2
7C Muscles and bones,Self-test,Why do muscles need oxygen and nutrients?,"For respiration, which releases energy for muscle contraction.",,,,3
7C Muscles and bones,Self-test,Why are antagonistic pairs needed?,"A muscle can pull but cannot push, so another muscle is needed to pull the bone back.",,,,4
7C Muscles and bones,Self-test,"What do red blood cells, white blood cells and plasma do?",Red blood cells carry oxygen; white blood cells fight micro-organisms; plasma carries dissolved substances.,,,,2
7F Acids and alkalis,Vocabulary,Hazard,Something that could cause harm.,Example: corrosive acid.,,,1
7F Acids and alkalis,Vocabulary,Risk,The chance that a hazard will actually cause harm.,Risk can be lowered with precautions.,,,1
7F Acids and alkalis,Vocabulary,Precaution,Action taken to reduce risk.,Example: wear eye protection.,,,1
7F Acids and alkalis,Vocabulary,Corrosive,Able to damage or destroy materials and living tissue.,Most concentrated acids can be corrosive.,,,1
7F Acids and alkalis,Vocabulary,Irritant,"Causes soreness or stinging, especially to skin or eyes.",Many dilute acids are irritants.,,,1
7F Acids and alkalis,Vocabulary,Toxic,Poisonous.,Avoid contact and ingestion.,,,1
7F Acids and alkalis,Vocabulary,Flammable,Catches fire easily.,Keep away from flames.,,,1
7F Acids and alkalis,Vocabulary,Explosive,"Reacts very quickly, releasing energy, gas and sound.",Can be triggered by heat.,,,1
7F Acids and alkalis,Vocabulary,Acid,Solution with pH less than 7; turns blue litmus red.,Lower pH means more acidic.,,,1
7F Acids and alkalis,Vocabulary,Alkali,Solution with pH more than 7; turns red litmus blue.,Higher pH means more alkaline.,,,1
7F Acids and alkalis,Vocabulary,Base,Substance that neutralises an acid to form salt and water.,Can be soluble or insoluble. A soluble base is an alkali.,,,1
7F Acids and alkalis,Vocabulary,Soluble,Able to dissolve in a liquid.,Soluble base = alkali.,,,1
7F Acids and alkalis,Vocabulary,Insoluble,Unable to dissolve in a liquid.,Some bases are insoluble.,,,1
7F Acids and alkalis,Vocabulary,Concentrated,Contains a large amount of dissolved substance in a small amount of solvent.,More concentrated usually means more hazardous.,,,1
7F Acids and alkalis,Vocabulary,Dilute/diluted,Made less concentrated by adding water.,Dilute acids are less hazardous than concentrated acids.,,,1
7F Acids and alkalis,Vocabulary,Indicator,Dye that changes colour in acids and alkalis.,Used to test unknown solutions.,,,2
7F Acids and alkalis,Vocabulary,Litmus,"Indicator: red in acid, blue in alkali.",Neutral keeps red litmus red and blue litmus blue.,,,2
7F Acids and alkalis,Vocabulary,Universal indicator,Indicator that shows a range of colours for different pH values.,Used to estimate pH.,,,2
7F Acids and alkalis,Vocabulary,pH scale,Scale from 1 to 14 showing acidity/alkalinity.,Acid < 7; neutral = 7; alkali > 7.,,,1
7F Acids and alkalis,Vocabulary,Neutral,Neither acid nor alkali; pH 7.,Pure water is neutral.,,,1
7F Acids and alkalis,Vocabulary,Chemical reaction,Change where new substances are formed.,Reactants become products.,,,1
7F Acids and alkalis,Vocabulary,Reactants,Starting substances in a reaction.,Written on the left of a word equation.,,,1
7F Acids and alkalis,Vocabulary,Products,New substances made in a reaction.,Written on the right of a word equation.,,,1
7F Acids and alkalis,Vocabulary,Word equation,Equation using names of substances with an arrow from reactants to products.,Arrow means react to form.,,,1
7F Acids and alkalis,Vocabulary,Neutralisation,Reaction where an acid reacts with an alkali/base to make salt and water only.,Core chemistry reaction for this unit.,,,2
7F Acids and alkalis,Vocabulary,Salt,"Substance made, besides water, when an acid is neutralised by a base/alkali.",Salt name depends on acid and metal/base used.,,,1
7F Acids and alkalis,Vocabulary,Antacid,Medicine containing a base that neutralises excess stomach acid.,Everyday neutralisation example.,,,2
7F Acids and alkalis,Vocabulary,Acid rain,Rainwater made more acidic by air pollution.,"Can damage plants, water systems and buildings.",,,1
7F Acids and alkalis,Equation/relationship,Neutralisation with alkali,acid + alkali -> salt + water,Learn this exactly.,,,3
7F Acids and alkalis,Equation/relationship,Neutralisation with base,acid + base -> salt + water,A base may be soluble or insoluble.,,,3
7F Acids and alkalis,Equation/relationship,Hydrochloric acid salt rule,hydrochloric acid -> chloride salts,Example: zinc oxide + hydrochloric acid -> zinc chloride + water.,,,3
7F Acids and alkalis,Equation/relationship,Nitric acid salt rule,nitric acid -> nitrate salts,Example: magnesium oxide + nitric acid -> magnesium nitrate + water.,,,3
7F Acids and alkalis,Equation/relationship,Sulfuric acid salt rule,sulfuric acid -> sulfate salts,Example: copper oxide + sulfuric acid -> copper sulfate + water.,,,3
7F Acids and alkalis,Equation/relationship,pH classification,acid: pH < 7; neutral: pH = 7; alkali: pH > 7,"The lower the acid pH, the more acidic. The higher the alkali pH, the more alkaline.",,,3
7F Acids and alkalis,Self-test,What is the difference between a hazard and a risk?,A hazard can cause harm; a risk is the chance it actually causes harm.,,,,2
7F Acids and alkalis,Self-test,What colour is litmus in acid and alkali?,Acid: red. Alkali: blue.,,,,2
7F Acids and alkalis,Self-test,What are the products of neutralisation?,A salt and water.,,,,4
7F Acids and alkalis,Self-test,How do you decide the second part of a salt name?,"It comes from the acid: hydrochloric gives chloride, nitric gives nitrate, sulfuric gives sulfate.",,,,2
7J Current electricity,Vocabulary,Electricity,A way of transferring energy through wires by moving charges.,Needs a complete circuit and a source such as a cell.,,,1
7J Current electricity,Vocabulary,Charge,"Tiny charged particles, such as electrons, can move around a circuit.",The flow of charged particles is current.,,,2
7J Current electricity,Vocabulary,Current,Flow of electricity/charges around a circuit.,Measured in amps with an ammeter.,,,2
7J Current electricity,Vocabulary,Ampere / amp (A),Unit of current.,Symbol A.,,,2
7J Current electricity,Vocabulary,Ammeter,Instrument that measures current.,Connect in series.,,,2
7J Current electricity,Vocabulary,Voltage,Measure of energy transferred by electricity; the push from the source.,Measured in volts with a voltmeter.,,,2
7J Current electricity,Vocabulary,Volt (V),Unit of voltage.,Symbol V.,,,2
7J Current electricity,Vocabulary,Voltmeter,Instrument that measures voltage.,Connect in parallel across a component.,,,2
7J Current electricity,Vocabulary,Cell,Source of electrical energy in a circuit.,Cells push charges around a circuit.,,,1
7J Current electricity,Vocabulary,Power pack,School-safe low-voltage supply.,Acts as a source of voltage.,,,2
7J Current electricity,Vocabulary,Component,"Part of a circuit, such as a bulb, switch, resistor or motor.",Use correct circuit symbols.,,,1
7J Current electricity,Vocabulary,Switch,Component that opens or closes a circuit.,Open switch = gap = no current.,,,2
7J Current electricity,Vocabulary,Bulb,Component that transfers electrical energy to light and heat.,Brightness can change with current/voltage and circuit layout.,,,2
7J Current electricity,Vocabulary,Filament,Thin wire in a bulb that glows when current flows.,Transfers energy as light and heat.,,,2
7J Current electricity,Vocabulary,Conductor,Material that allows electricity to flow through it.,Metals are good conductors.,,,1
7J Current electricity,Vocabulary,Insulator,Material that does not allow electricity to flow easily.,Plastic is a good insulator.,,,1
7J Current electricity,Vocabulary,Resistance,How difficult it is for current to flow.,High resistance gives smaller current.,,,2
7J Current electricity,Vocabulary,Resistor,Component that increases resistance and reduces current.,Used to control current.,,,2
7J Current electricity,Vocabulary,Variable resistor,Resistor whose resistance can be changed.,Changing resistance changes current.,,,2
7J Current electricity,Vocabulary,Series circuit,Circuit with one loop/path.,Same current everywhere; one break stops all components.,,,2
7J Current electricity,Vocabulary,Parallel circuit,Circuit with branches.,Current splits at branches; components can work independently.,,,2
7J Current electricity,Vocabulary,AND circuit,Two switches arranged so both must be closed for the component to turn on.,Like switches in series.,,,2
7J Current electricity,Vocabulary,OR circuit,Two switches arranged so either switch can turn the component on.,Like switches in parallel.,,,2
7J Current electricity,Vocabulary,Static electricity,Attraction or repulsion caused when materials rub and charges build up.,Different from current electricity in a circuit.,,,2
7J Current electricity,Vocabulary,Model,A representation that helps explain something complicated.,Circuit models are useful but not perfect.,,,2
7J Current electricity,Vocabulary,Analogy,Model that compares something hard to understand with something familiar.,Example: central heating model for circuits.,,,2
7J Current electricity,Vocabulary,Fuse,Safety wire that melts if current is too high.,Protects against overheating/fire.,,,2
7J Current electricity,Vocabulary,Fuse rating,Largest current a fuse can carry without melting.,Use the correct fuse rating.,,,2
7J Current electricity,Vocabulary,Circuit breaker,Safety device that switches off current if it gets too high.,Can be reset.,,,2
7J Current electricity,Vocabulary,Live wire,Brown wire in a plug/cable; part of the circuit.,Dangerous if touched.,,,1
7J Current electricity,Vocabulary,Neutral wire,Blue wire in a plug/cable; part of the circuit.,Completes the circuit.,,,1
7J Current electricity,Vocabulary,Earth wire,Green/yellow safety wire.,Works with the fuse for safety.,,,1
7J Current electricity,Vocabulary,Ring main,House wiring arrangement using a loop of parallel circuits.,Protected by circuit breakers.,,,2
7J Current electricity,Equation/relationship,Current unit relationship,current is measured in amperes (A),Use an ammeter in series.,,,4
7J Current electricity,Equation/relationship,Voltage unit relationship,voltage is measured in volts (V),Use a voltmeter in parallel.,,,4
7J Current electricity,Equation/relationship,Series current rule,I is the same everywhere in a series circuit,"If one component breaks, the whole circuit stops.",,,4
7J Current electricity,Equation/relationship,Parallel current rule,I_total = I_branch 1 + I_branch 2 + ...,Current splits at branches and recombines later.,,,4
7J Current electricity,Equation/relationship,Resistance-current relationship,higher resistance -> lower current; lower resistance -> higher current,A resistor or thin wire increases resistance.,,,4
7J Current electricity,Equation/relationship,Voltage-current relationship,"higher voltage -> higher current, if resistance stays the same",Biggest current: high voltage and low resistance.,,,4
7J Current electricity,Equation/relationship,Optional extension: Ohm's law,"voltage = current x resistance, or V = I x R",Only use this if your teacher has taught it; it is a useful extension beyond the pack.,,,5
7J Current electricity,Self-test,Explain the different connection rules for an ammeter and a voltmeter.,An ammeter is connected in series so the current flows through it. A voltmeter is connected in parallel across the component to compare the two sides.,This is one of the most common exam mistakes in circuits.,,,4
7J Current electricity,Self-test,Explain why adding more bulbs in series usually makes each bulb dimmer.,"Adding bulbs in series increases total resistance, so the current gets smaller. Smaller current means the bulbs are dimmer.",Do not say current is 'used up'; explain resistance and current.,,,4
7J Current electricity,Self-test,Explain why a bulb in another branch can stay on when one bulb breaks in a parallel circuit.,"Each branch has its own complete path. If one branch breaks, another branch can still be connected across the cell.",Parallel branches can work independently.,,,4
7J Current electricity,Self-test,Use the ideas of voltage and resistance to describe the circuit condition that gives the largest current.,"Largest current is produced by high voltage and low resistance, as long as the circuit is complete.",Open circuits still have zero current even if the voltage is high.,,,4
7C Muscles and bones,Multiple choice,Which statement best describes respiration?,Cells release energy from glucose using oxygen.,Respiration happens in cells; breathing happens in the lungs.,Cells release energy from glucose using oxygen. | Air moves in and out of the lungs. | The heart pumps blood around the body. | Bones protect organs.,,2
7C Muscles and bones,Multiple choice,What is the main job of red blood cells?,Carry oxygen.,"Red blood cells contain haemoglobin, which carries oxygen.",Carry oxygen. | Fight micro-organisms. | Make blood clot. | Digest food.,,2
7C Muscles and bones,Multiple choice,Which blood vessel carries blood away from the heart?,Artery.,Arteries go away from the heart.,Artery. | Vein. | Capillary. | Ligament.,,2
7C Muscles and bones,Multiple choice,Where does gas exchange happen?,"In the lungs, where oxygen enters blood and carbon dioxide leaves blood.",Gas exchange is about oxygen and carbon dioxide moving between air and blood.,"In the lungs, where oxygen enters blood and carbon dioxide leaves blood. | In the stomach, where food is broken down. | In bones, where blood cells are made. | In tendons, where muscles attach to bones.",,2
7C Muscles and bones,Multiple choice,What happens to the diaphragm when you inhale?,It contracts and moves down.,Moving down increases chest volume so air moves in.,It contracts and moves down. | It relaxes and moves up. | It turns oxygen into carbon dioxide. | It pumps blood to the lungs.,,3
7C Muscles and bones,Multiple choice,What is ventilation?,Air moving into and out of the lungs.,Ventilation is inhalation plus exhalation.,Air moving into and out of the lungs. | Energy release in cells. | Blood moving through arteries. | Muscles pulling on bones.,,2
7C Muscles and bones,Multiple choice,Which part of the skeleton protects the brain?,Skull.,The skull surrounds and protects the brain.,Skull. | Ribs. | Vertebrae. | Cartilage.,,2
7C Muscles and bones,Multiple choice,Which bones help protect the heart and lungs?,Ribs and sternum.,The rib cage protects organs in the chest.,Ribs and sternum. | Skull and jaw. | Femur and tibia. | Biceps and triceps.,,2
7C Muscles and bones,Multiple choice,What is a joint?,A place where two or more bones meet.,Joints can be fixed or movable.,A place where two or more bones meet. | A blood vessel where gas exchange happens. | A muscle that contracts. | A drug that slows nerve messages.,,2
7C Muscles and bones,Multiple choice,What does cartilage do at the ends of bones?,Reduces rubbing and helps bones move smoothly.,Cartilage is smooth and slippery.,Reduces rubbing and helps bones move smoothly. | Connects muscle to bone. | Carries oxygen. | Makes acid neutral.,,2
7C Muscles and bones,Multiple choice,What connects bone to bone?,Ligament.,Ligaments link bones at joints.,Ligament. | Tendon. | Capillary. | Plasma.,,2
7C Muscles and bones,Multiple choice,What connects muscle to bone?,Tendon.,Tendons transmit the pull from a muscle to a bone.,Tendon. | Ligament. | Artery. | Cartilage.,,2
7C Muscles and bones,Multiple choice,Why are antagonistic muscle pairs needed?,"Muscles pull but cannot push, so another muscle pulls the bone back.",Biceps and triceps are a common example.,"Muscles pull but cannot push, so another muscle pulls the bone back. | Bones can only move when they make blood cells. | Muscles only work when acid is neutralised. | Blood flows only in one direction through them.",,3
7C Muscles and bones,Multiple choice,"When the biceps contracts, what usually happens at the elbow?",The arm bends.,The biceps pulls the forearm up.,The arm bends. | The arm straightens. | The ribs expand. | The skull moves.,,2
7C Muscles and bones,Multiple choice,"When the triceps contracts, what usually happens at the elbow?",The arm straightens.,The triceps works opposite the biceps.,The arm straightens. | The arm bends. | The diaphragm moves down. | Blood becomes oxygen.,,2
7C Muscles and bones,Multiple choice,What is the nervous system made from?,"Brain, spinal cord and nerves.",The nervous system sends impulses around the body.,"Brain, spinal cord and nerves. | Heart, blood and blood vessels. | Bones, joints and cartilage. | Acids, alkalis and indicators.",,2
7C Muscles and bones,Multiple choice,What is an impulse in the nervous system?,An electrical signal.,Nerves carry electrical impulses.,An electrical signal. | A type of bone. | A waste gas. | A liquid part of blood.,,2
7C Muscles and bones,Multiple choice,What is a stimulant?,A drug that speeds up nervous system messages.,Caffeine is a common example of a stimulant.,A drug that speeds up nervous system messages. | A drug that slows nervous system messages. | A tissue connecting muscle to bone. | A solution with pH less than 7.,,2
7C Muscles and bones,Multiple choice,What is a depressant?,A drug that slows nervous system messages.,Depressants can slow reaction time.,A drug that slows nervous system messages. | A drug that speeds up nervous system messages. | A joint that moves in one direction. | A tiny blood vessel.,,2
7C Muscles and bones,Multiple choice,What is reaction time?,The time taken to respond to something.,A slower reaction time means a longer delay before responding.,The time taken to respond to something. | The amount of oxygen carried by blood. | The number of bones in the skeleton. | The pH of a solution.,,2
7C Muscles and bones,Multiple choice,Which word equation is correct for respiration?,glucose + oxygen → carbon dioxide + water + energy released,This is the key life-process equation in the unit.,glucose + oxygen → carbon dioxide + water + energy released | carbon dioxide + water → glucose + oxygen | acid + alkali → salt + water | voltage = current × resistance,,2
7C Muscles and bones,Multiple choice,What is pulse rate?,Number of heart beats per minute.,Pulse tells you how often the heart is beating.,Number of heart beats per minute. | Number of breaths per minute. | Amount of oxygen per red blood cell. | Pressure divided by area.,,2
7C Muscles and bones,Multiple choice,What does plasma do in blood?,Carries dissolved substances.,Plasma is the liquid part of blood.,Carries dissolved substances. | Carries bones around the body. | Connects muscle to bone. | Turns blue litmus red.,,2
7C Muscles and bones,Multiple choice,Why do muscles need oxygen and nutrients?,For respiration to release energy for contraction.,Muscle contraction needs energy from respiration.,For respiration to release energy for contraction. | To make indicators change colour. | To increase the resistance of wires. | To turn arteries into veins.,,3
7F Acids and alkalis,Multiple choice,What is a hazard?,Something that could cause harm.,Hazard = possible source of harm.,Something that could cause harm. | The chance harm will happen. | A solution with pH 7. | A salt made by neutralisation.,,2
7F Acids and alkalis,Multiple choice,What is risk?,The chance that a hazard will actually cause harm.,Risk can be reduced by precautions.,The chance that a hazard will actually cause harm. | Something that always causes harm. | A dye that changes colour. | A substance with pH more than 7.,,2
7F Acids and alkalis,Multiple choice,What does corrosive mean?,Can damage or destroy materials and living tissue.,Corrosive chemicals need careful handling.,Can damage or destroy materials and living tissue. | Catches fire easily. | Cannot dissolve in water. | Shows pH using colours.,,2
7F Acids and alkalis,Multiple choice,What does flammable mean?,Catches fire easily.,Flammable substances need to be kept away from flames.,Catches fire easily. | Poisonous. | Damages tissue. | Neither acid nor alkali.,,2
7F Acids and alkalis,Multiple choice,What is an acid?,A solution with pH less than 7.,Acids turn blue litmus red.,A solution with pH less than 7. | A solution with pH more than 7. | A neutral solution only. | A substance that cannot dissolve.,,2
7F Acids and alkalis,Multiple choice,What is an alkali?,A solution with pH more than 7.,Alkalis turn red litmus blue.,A solution with pH more than 7. | A solution with pH less than 7. | A substance that always catches fire. | A tiny blood vessel.,,2
7F Acids and alkalis,Multiple choice,What pH is neutral?,pH 7.,Water is often used as the simple neutral example.,pH 7. | pH 1. | pH 14. | Any pH below 7.,,2
7F Acids and alkalis,Multiple choice,What colour does blue litmus turn in acid?,Red.,Acid turns blue litmus red.,Red. | Blue. | Green. | Purple.,,2
7F Acids and alkalis,Multiple choice,What colour does red litmus turn in alkali?,Blue.,Alkali turns red litmus blue.,Blue. | Red. | Orange. | Yellow.,,2
7F Acids and alkalis,Multiple choice,What is universal indicator used for?,Showing a range of pH values using different colours.,Universal indicator gives more information than litmus.,Showing a range of pH values using different colours. | Measuring current in a circuit. | Connecting muscle to bone. | Making a circuit safer.,,2
7F Acids and alkalis,Multiple choice,What is neutralisation?,An acid reacts with an alkali or base to make salt and water.,Neutralisation is a chemical reaction.,An acid reacts with an alkali or base to make salt and water. | A wire melts when current is too high. | Air moves into and out of the lungs. | A muscle gets shorter and thicker.,,3
7F Acids and alkalis,Multiple choice,What are the products of acid + alkali?,Salt and water.,The standard equation is acid + alkali → salt + water.,Salt and water. | Glucose and oxygen. | Carbon dioxide and energy. | Current and voltage.,,2
7F Acids and alkalis,Multiple choice,What is a base?,A substance that neutralises an acid to form salt and water.,An alkali is a soluble base.,A substance that neutralises an acid to form salt and water. | A gas needed for respiration. | A circuit with one loop. | A blood vessel that carries blood away.,,2
7F Acids and alkalis,Multiple choice,What does soluble mean?,Able to dissolve in a liquid.,Soluble substances dissolve.,Able to dissolve in a liquid. | Unable to dissolve in a liquid. | Can destroy living tissue. | Has a pH less than 7.,,2
7F Acids and alkalis,Multiple choice,What does insoluble mean?,Unable to dissolve in a liquid.,Insoluble substances do not dissolve.,Unable to dissolve in a liquid. | Able to dissolve in a liquid. | Made less concentrated by water. | Turns red litmus blue.,,2
7F Acids and alkalis,Multiple choice,What does dilute mean?,Made less concentrated by adding water.,Diluting reduces concentration.,Made less concentrated by adding water. | Contains a lot of solute in a small solvent volume. | Cannot dissolve. | Catches fire easily.,,3
7F Acids and alkalis,Multiple choice,What does concentrated mean?,Contains a large amount of dissolved substance in a small amount of solvent.,Concentrated is not the same as strong acid at this level.,Contains a large amount of dissolved substance in a small amount of solvent. | Made less concentrated by adding water. | Neither acid nor alkali. | A dye that always stays the same colour.,,2
7F Acids and alkalis,Multiple choice,What are reactants?,Starting substances in a chemical reaction.,Reactants are written before the arrow in a word equation.,Starting substances in a chemical reaction. | New substances made by a reaction. | Tiny moving charges. | The liquid part of blood.,,2
7F Acids and alkalis,Multiple choice,What are products?,New substances made in a chemical reaction.,Products are written after the arrow in a word equation.,New substances made in a chemical reaction. | Starting substances in a reaction. | Materials that let current flow. | Bones that protect the brain.,,2
7F Acids and alkalis,Multiple choice,What does hydrochloric acid make in salt names?,Chloride salts.,The acid gives the second part of the salt name.,Chloride salts. | Nitrate salts. | Sulfate salts. | Carbonate salts.,,2
7F Acids and alkalis,Multiple choice,What does nitric acid make in salt names?,Nitrate salts.,Nitric acid gives nitrate.,Nitrate salts. | Chloride salts. | Sulfate salts. | Oxide salts.,,2
7F Acids and alkalis,Multiple choice,What does sulfuric acid make in salt names?,Sulfate salts.,Sulfuric acid gives sulfate.,Sulfate salts. | Chloride salts. | Nitrate salts. | Hydroxide salts.,,2
7F Acids and alkalis,Multiple choice,Why can antacids help indigestion?,They contain bases that neutralise excess stomach acid.,Antacid means anti-acid.,They contain bases that neutralise excess stomach acid. | They increase the acidity of the stomach. | They carry oxygen to muscles. | They reduce resistance in wires.,,3
7F Acids and alkalis,Multiple choice,What is acid rain?,Rainwater made more acidic by air pollution.,Acid rain can damage materials and living things.,Rainwater made more acidic by air pollution. | Rainwater with pH exactly 7. | Water made more alkaline by salt. | Rain that carries red blood cells.,,2
7J Current electricity,Multiple choice,A lamp is lit in a complete circuit. Which statement best describes the current in the wires?,Charges flow around the complete circuit.,Current is the flow of charge; it is not the same as voltage or energy stored in the cell.,"Charges flow around the complete circuit.|Voltage is used up by the first bulb.|Resistance flows from the cell.|Only energy, not charges, moves through the wires.",,4
7J Current electricity,Multiple choice,An ammeter reading is written as 0.35 __. Which unit completes the reading?,A,"Current is measured in amperes, written as A.",A|V|Ω|J,,3
7J Current electricity,Multiple choice,A student wants to measure the current through a bulb. Where should the ammeter be connected?,"In series with the bulb, so the same current passes through the ammeter and the bulb.",Ammeters are placed in the main path of the current.,"In series with the bulb, so the same current passes through the ammeter and the bulb.|In parallel across the bulb, so it measures the energy transferred.|Across the cell only, because all current starts at the cell.|Next to the circuit but not connected, because it senses current.",,4
7J Current electricity,Multiple choice,A cell has a larger voltage than another cell. What does that mean for the charges in the circuit?,More energy is transferred to the charges by the cell.,Voltage is a measure of energy transferred per charge; at this level it is often described as electrical 'push'.,More energy is transferred to the charges by the cell.|The current must be smaller everywhere.|The wires become better insulators.|The circuit automatically becomes parallel.,,4
7J Current electricity,Multiple choice,A student wants to measure the voltage across a lamp. Where should the voltmeter be connected?,In parallel across the lamp.,"Voltmeters compare the two sides of a component, so they connect across it.",In parallel across the lamp.|In series before the lamp.|In series after the lamp.|In place of the cell.,,4
7J Current electricity,Multiple choice,"A simple circuit has a cell, wires and a bulb. What is the main role of the cell?",It transfers energy to the charges and pushes them around the circuit.,A cell is a source of electrical energy.,It transfers energy to the charges and pushes them around the circuit.|It measures how much current is flowing.|It increases resistance so no current flows.|It turns the wires into insulators.,,3
7J Current electricity,Multiple choice,A switch is open in a simple lamp circuit. Which explanation is correct?,"There is a gap in the circuit, so current cannot flow through the lamp.",Open switch = gap; closed switch = complete path.,"There is a gap in the circuit, so current cannot flow through the lamp.|The cell has no voltage until the switch is removed.|The current flows only through the air gap.|The bulb is brighter because resistance is lower.",,4
7J Current electricity,Multiple choice,Which material would be most suitable for the wires in a school circuit?,"A metal, because it allows electric charge to flow easily.",Metals are good electrical conductors.,"A metal, because it allows electric charge to flow easily.|Plastic, because it lets current pass with no resistance.|Rubber, because it stores current safely.|Wood, because it gives charges more energy.",,3
7J Current electricity,Multiple choice,Why is the outside of many electrical cables made from plastic?,"Plastic is an insulator, so it reduces the chance of current passing through a person touching it.",Insulators are useful for safety because they do not allow charge to flow easily.,"Plastic is an insulator, so it reduces the chance of current passing through a person touching it.|Plastic is a conductor, so it carries current faster than metal.|Plastic increases voltage so the circuit works better.|Plastic makes the circuit parallel.",,4
7J Current electricity,Multiple choice,A wire has high resistance. What does this tell you about current in that wire?,It is more difficult for current to flow through the wire.,Higher resistance usually means smaller current for the same voltage.,It is more difficult for current to flow through the wire.|Charges have more paths to choose from.|The voltage is always zero.|The wire must be a voltmeter.,,4
7J Current electricity,Multiple choice,A resistor is added in series with a lamp. What is the most likely effect?,"The current is reduced, so the lamp may become dimmer.",More resistance makes current smaller if voltage stays the same.,"The current is reduced, so the lamp may become dimmer.|The current increases because there is another component.|The resistor stores all the current permanently.|The circuit turns from series into parallel.",,4
7J Current electricity,Multiple choice,A dimmer control changes the brightness of a lamp by changing resistance. Which component could do this?,A variable resistor.,Variable resistors can change the size of the current.,A variable resistor.|A fixed cell.|A closed switch only.|An ammeter in parallel.,,3
7J Current electricity,Multiple choice,Which description identifies a series circuit?,"There is one loop, so all components are on the same current path.",Series circuits do not have separate branches.,"There is one loop, so all components are on the same current path.|There are separate branches for each component.|The circuit must contain a voltmeter.|Each component has its own cell.",,3
7J Current electricity,Multiple choice,Which description identifies a parallel circuit?,The circuit splits into branches and then joins again.,Parallel circuits have more than one path for current.,The circuit splits into branches and then joins again.|All components are placed on one loop only.|There is no complete path for current.|The circuit contains no switches.,,3
7J Current electricity,Multiple choice,Two ammeters are placed at different points in one series loop. What should their readings show?,The same current at both points.,Current is the same everywhere in a series circuit.,The same current at both points.|Less current after each bulb.|More current after each bulb.|Zero current near the cell.,,4
7J Current electricity,Multiple choice,A parallel circuit has two branches. The branch currents are 0.2 A and 0.3 A. What is the total current from the cell?,0.5 A,"In a parallel circuit, total current equals the sum of the branch currents.",0.5 A|0.3 A|0.2 A|0.1 A,,4
7J Current electricity,Multiple choice,One bulb breaks in one branch of a parallel circuit. What usually happens to a bulb in another complete branch?,It can stay lit because its branch is still complete.,Branches can work independently if their paths remain complete.,It can stay lit because its branch is still complete.|It must go out because current is used up.|It becomes a cell for the broken branch.|It makes the other branch series.,,4
7J Current electricity,Multiple choice,A second identical bulb is added in series with the first bulb. What usually happens to the brightness?,Both bulbs are dimmer because total resistance increases and current decreases.,More components in one path usually means more resistance.,Both bulbs are dimmer because total resistance increases and current decreases.|Both bulbs are brighter because the voltage is doubled.|Only the first bulb lights because it uses all the current.|The second bulb lights but the first one becomes a switch.,,4
7J Current electricity,Multiple choice,Which circuit is likely to have the largest current?,A high-voltage supply with a low-resistance path.,Current increases with voltage and decreases with resistance.,A high-voltage supply with a low-resistance path.|A low-voltage supply with a high-resistance path.|An open switch with a low-resistance lamp.|No cell but very short wires.,,4
7J Current electricity,Multiple choice,"A resistor has current I through it and voltage V across it. Which equation links voltage, current and resistance?",V = I × R,Ohm’s law can be rearranged to find current or resistance.,V = I × R|I = V × R|R = V × I|V = R ÷ I,,4
7J Current electricity,Multiple choice,A lamp should turn on only when two separate switches are both closed. Which switch arrangement is needed?,An AND circuit.,AND means switch A and switch B must both be closed.,An AND circuit.|An OR circuit.|A short circuit.|A voltmeter branch.,,3
7J Current electricity,Multiple choice,A lamp should turn on when either of two switches is closed. Which switch arrangement is needed?,An OR circuit.,OR means switch A or switch B can complete the path.,An OR circuit.|An AND circuit.|One open switch in series.|A resistor-only circuit.,,3
7J Current electricity,Multiple choice,Too much current flows through a plug. What should the fuse do?,Melt and break the circuit before the cable overheats.,A fuse is a safety device that breaks the circuit when current is too large.,Melt and break the circuit before the cable overheats.|Increase the current so the appliance works faster.|Measure the voltage across the appliance.|Turn the live wire into the neutral wire.,,4
7J Current electricity,Multiple choice,"In a UK-style plug, which wire is green and yellow and is included for safety?",Earth wire.,"Live is brown, neutral is blue, earth is green/yellow.",Earth wire.|Live wire.|Neutral wire.|Fuse wire.,,3
7J Current electricity,Visual challenge,This symbol has one long line and one short line. What component does it represent?,Cell,Recognise the symbol and link it to the job of the component.,Cell|Battery|Open switch|Resistor,symbol-cell,3
7J Current electricity,Visual challenge,This symbol shows more than one cell joined together. What does it represent?,Battery,Recognise the symbol and link it to the job of the component.,Battery|Single cell|Voltmeter|Closed switch,symbol-battery,3
7J Current electricity,Visual challenge,This symbol has a circle with a cross inside it. What component does it represent?,Lamp / bulb,Recognise the symbol and link it to the job of the component.,Lamp / bulb|Motor|Resistor|Ammeter,symbol-lamp,3
7J Current electricity,Visual challenge,This switch symbol shows a gap. What does it represent?,Open switch,Recognise the symbol and link it to the job of the component.,Open switch|Closed switch|Cell|Fuse,symbol-switchOpen,3
7J Current electricity,Visual challenge,This switch symbol has no gap between the contacts. What does it represent?,Closed switch,Recognise the symbol and link it to the job of the component.,Closed switch|Open switch|Voltmeter|Variable resistor,symbol-switchClosed,3
7J Current electricity,Visual challenge,This rectangular component symbol makes current more difficult to flow. What is it?,Resistor,Recognise the symbol and link it to the job of the component.,Resistor|Lamp / bulb|Battery|Ammeter,symbol-resistor,4
7J Current electricity,Visual challenge,This meter has the letter A. How should this component be used?,Ammeter,Ammeter measures current and is connected in series.,Ammeter|Voltmeter|Motor|Cell,symbol-ammeter,4
7J Current electricity,Visual challenge,This meter has the letter V. What quantity does it measure?,Voltmeter,Voltmeter measures voltage and is connected in parallel.,Voltmeter|Ammeter|Battery|Switch,symbol-voltmeter,4
7J Current electricity,Visual challenge,This symbol has the letter M inside a circle. What component does it represent?,Motor,Recognise the symbol and link it to the job of the component.,Motor|Lamp / bulb|Resistor|Voltmeter,symbol-motor,3
7J Current electricity,Visual challenge,"In this series circuit, bulb A breaks. Predict what happens to bulb B and explain why.",Bulb B goes out because the single loop is broken and no current can flow anywhere in the circuit.,Series circuits have one path; one break stops the whole circuit.,Bulb B goes out because the single loop is broken and no current can flow anywhere in the circuit.|Bulb B stays on because it has its own branch.|Bulb B gets brighter because it receives more voltage.|Only bulb A goes out because current can go around it.,circuit-series,4
7J Current electricity,Visual challenge,"In this parallel circuit, bulb A breaks. Predict what happens to bulb B and explain why.",Bulb B can stay on because it is in a different complete branch.,Parallel circuits have separate paths for current.,Bulb B can stay on because it is in a different complete branch.|Bulb B must go out because current is used up in bulb A.|Bulb B gets no voltage because bulb A is broken.|The whole circuit becomes a series circuit.,circuit-parallel,4
7J Current electricity,Visual challenge,The ammeter labelled A is in the main loop. Why is this the correct position for measuring current?,"It is in series, so the same current that passes through the lamp also passes through the ammeter.",An ammeter must be part of the path whose current is being measured.,"It is in series, so the same current that passes through the lamp also passes through the ammeter.|It is in parallel, so it measures voltage across the lamp.|It is across the cell, so it measures resistance.|It is outside the loop, so it does not affect the circuit.",circuit-ammeter-series,5
7J Current electricity,Visual challenge,The voltmeter labelled A is connected across the lamp. Why is this the correct position?,"It is in parallel across the lamp, so it measures the voltage across that lamp.","A voltmeter compares two points, so it goes across the component.","It is in parallel across the lamp, so it measures the voltage across that lamp.|It is in series, so it measures current through the lamp.|It replaces the cell and supplies the voltage.|It increases the resistance so the lamp is safe.",circuit-voltmeter-parallel,5
7J Current electricity,Spot the mistake,"The diagram shows a voltmeter connected in the main loop. What is wrong, and how should it be connected?",The voltmeter is connected in series; it should be connected in parallel across the component.,"Voltmeters go across components, not in the main current path.",The voltmeter is connected in series; it should be connected in parallel across the component.|The lamp symbol is upside down; it should be replaced by a switch.|The cell has no voltage; it should be replaced by an ammeter.|The circuit is parallel; all voltmeters must be in series.,circuit-voltmeter-mistake,5
7J Current electricity,Visual challenge,"In the AND switch circuit, switch A closes but switch B stays open. What happens?",The lamp stays off because both switches must be closed to complete the circuit.,AND means A and B.,The lamp stays off because both switches must be closed to complete the circuit.|The lamp lights because one switch is closed.|The lamp lights because the switches are in parallel.|The lamp gets dimmer but stays on.,circuit-and-switches,4
7J Current electricity,Visual challenge,"In the OR switch circuit, switch A closes and switch B stays open. What happens?",The lamp lights because either switch can complete a branch.,OR means A or B.,The lamp lights because either switch can complete a branch.|The lamp stays off because both switches must be closed.|The lamp stays off because switch B controls all branches.|The lamp lights only if both branches are broken.,circuit-or-switches,4
7J Current electricity,Visual challenge,The switch labelled A is open. Explain why the lamp is not lit.,"The open switch leaves a gap, so the circuit is incomplete and current cannot flow.",Open switch = incomplete circuit.,"The open switch leaves a gap, so the circuit is incomplete and current cannot flow.|The open switch lowers resistance to zero.|The cell has no energy when a switch is open.|The current jumps across the gap only at high voltage.",circuit-open-switch,4
7J Current electricity,Visual challenge,The arrows labelled A show current direction. Which statement is the best interpretation?,They show the direction of conventional current around the complete circuit.,"At this level, arrows are often used to show conventional current direction.",They show the direction of conventional current around the complete circuit.|They show the direction in which voltage is used up.|They show resistance moving from the bulb to the cell.|They show charges leaving the circuit permanently.,circuit-current-arrows,4
7J Current electricity,Spot the mistake,The diagram contains a short-circuit path. What is wrong with the connection?,"The extra wire bypasses the lamp, so most current takes the easier path instead of passing through the lamp.",Short circuits provide an unintended low-resistance path.,"The extra wire bypasses the lamp, so most current takes the easier path instead of passing through the lamp.|The lamp is correctly placed in parallel with a switch.|The cell has been connected backwards.|The ammeter has been connected across the lamp.",circuit-short-mistake,5
7F Acids and alkalis,Visual challenge,"On the pH scale, which label shows an acid?",A,Acids have pH values below 7.,A|B|C|None of them,ph-scale,3
7F Acids and alkalis,Visual challenge,"On the pH scale, which label is neutral?",B,"Pure water is about pH 7, which is neutral.",B|A|C|Both A and C,ph-scale,3
7F Acids and alkalis,Visual challenge,"On the pH scale, which label shows the most alkaline solution?",C,The highest pH values are the most alkaline.,C|A|B|None of them,ph-scale,3
7F Acids and alkalis,Visual challenge,What does blue litmus do in the acid beaker?,Turns red.,Blue litmus turns red in acid.,Turns red.|Turns blue.|Turns green.|Makes a salt.,litmus-test,3
7F Acids and alkalis,Visual challenge,What does red litmus do in the alkali beaker?,Turns blue.,Red litmus turns blue in alkali.,Turns blue.|Turns red.|Turns white.|Measures current.,litmus-test,3
7F Acids and alkalis,Visual challenge,"In the universal indicator colours, which label is closest to neutral?",B,Universal indicator is green near pH 7.,B|A|C|A and C,indicator-palette,3
7F Acids and alkalis,Visual challenge,"In the universal indicator colours, which label is most acidic?",A,Red/orange colours indicate acid.,A|B|C|None of them,indicator-palette,3
7F Acids and alkalis,Visual challenge,"In the universal indicator colours, which label is most alkaline?",C,Blue/purple colours indicate alkali.,C|A|B|All of them,indicator-palette,3
7F Acids and alkalis,Practical method,"In the neutralisation setup, what is usually added to show the end point?",Indicator.,Indicator changes colour when the acid has neutralised the alkali.,Indicator.|Ammeter.|Cartilage.|Red blood cells.,,5
7F Acids and alkalis,Practical method,"In the neutralisation setup, what reaction is being tested?",Acid + alkali → salt + water.,Neutralisation makes a salt and water.,Acid + alkali → salt + water.|Glucose + oxygen → carbon dioxide + water.|Current = voltage ÷ resistance.|Bone + tendon → cartilage.,,4
7F Acids and alkalis,Practical method,What is the purpose of heating the solution in an evaporation dish?,To evaporate water and leave salt crystals.,Evaporation removes the solvent.,To evaporate water and leave salt crystals.|To make current flow.|To make the pH always 14.|To contract the biceps.,,5
7F Acids and alkalis,Spot the mistake,What is the main safety mistake in the diagram?,Acid is being poured without clear eye protection.,Acid practicals need goggles and careful handling.,Acid is being poured without clear eye protection.|The beaker is made of glass.|The liquid is below pH 7.|The student is using indicator.,acid-safety-mistake,5
7F Acids and alkalis,Spot the mistake,What is wrong with this indicator method?,Too much indicator has been added.,Usually only a few drops of indicator are needed.,Too much indicator has been added.|The beaker should be a battery.|Indicator should never change colour.|The acid has become a muscle.,indicator-mistake,5
7F Acids and alkalis,Practical method,What is the safer way to dilute acid?,Add acid slowly to water.,"Use care: acid into water, slowly, with goggles.",Add acid slowly to water.|Add water quickly to concentrated acid.|Use no eye protection.|Heat it until it splashes.,,4
7F Acids and alkalis,Practical method,Why should you add alkali slowly during neutralisation?,To avoid overshooting the neutral point.,Adding too much can make the solution alkaline instead of neutral.,To avoid overshooting the neutral point.|To make the bulb brighter.|To stop muscles contracting.|To make current flow backwards.,,4
7F Acids and alkalis,Spot the mistake,A student says: “pH 1 is a strong alkali.” What is wrong?,pH 1 is very acidic.,Low pH means acidic; high pH means alkaline.,pH 1 is very acidic.|pH 1 is neutral.|pH 1 is the strongest alkali.|pH only applies to electricity.,ph-scale,5
7C Muscles and bones,Visual challenge,"In the elbow joint diagram, which label shows cartilage?",A,Cartilage is smooth tissue at the ends of bones.,A|B|C|None of them,elbow-joint,3
7C Muscles and bones,Visual challenge,"In the elbow joint diagram, which label shows a ligament?",B,Ligaments connect bone to bone.,B|A|C|All of them,elbow-joint,3
7C Muscles and bones,Visual challenge,"In the elbow joint diagram, which label shows a tendon?",C,Tendons connect muscle to bone.,C|A|B|None of them,elbow-joint,3
7C Muscles and bones,Visual challenge,"In the arm diagram, which label is the biceps muscle?",A,The biceps contracts to bend the elbow.,A|B|C|The diaphragm,arm-antagonistic,3
7C Muscles and bones,Visual challenge,"In the arm diagram, which label is the triceps muscle?",B,The triceps contracts to straighten the elbow.,B|A|C|Cartilage,arm-antagonistic,3
7C Muscles and bones,Visual challenge,"In the arm diagram, why are A and B called an antagonistic pair?",One contracts while the other relaxes to move the bone in opposite directions.,Muscles pull; they do not push.,One contracts while the other relaxes to move the bone in opposite directions.|They both push the bone together.|They are both acids.|They measure current.,arm-antagonistic,3
7C Muscles and bones,Visual challenge,"In the skeleton diagram, which label shows the skull?",A,The skull protects the brain.,A|B|C|None of them,skeleton-basic,3
7C Muscles and bones,Visual challenge,"In the skeleton diagram, which label shows the ribs?",B,The ribs protect the heart and lungs.,B|A|C|All of them,skeleton-basic,3
7C Muscles and bones,Visual challenge,"In the skeleton diagram, which label shows the backbone/spine area?",C,The backbone supports the body and protects the spinal cord.,C|A|B|A bulb,skeleton-basic,3
7C Muscles and bones,Visual challenge,"In the breathing diagram, which label shows the trachea/airway?",A,"Label A points to the trachea, the airway carrying air to and from the lungs.",A|B|C|D,lungs-diaphragm,3
7C Muscles and bones,Visual challenge,"In the breathing diagram, which label shows a lung?",B,Label B points to a lung.,B|A|C|D,lungs-diaphragm,3
7C Muscles and bones,Visual challenge,"In the breathing diagram, which label shows the diaphragm?",D,"Label D points to the diaphragm, the muscle under the lungs.",D|A|B|C,lungs-diaphragm,3
7C Muscles and bones,Visual challenge,"In the gas exchange diagram, which label shows oxygen moving into the blood?",A,Oxygen moves from the air in the alveolus into the blood.,A|B|C,alveolus-gas-exchange,4
7C Muscles and bones,Visual challenge,"In the gas exchange diagram, which label shows carbon dioxide moving into the air sac?",B,Carbon dioxide moves from the blood into the air in the alveolus.,A|B|C,alveolus-gas-exchange,4
7C Muscles and bones,Visual challenge,"In the blood-vessels diagram, which label shows the artery?",A,The artery has the thickest wall and the smallest central space.,A|B|C,blood-vessels,3
7C Muscles and bones,Visual challenge,"In the blood-vessels diagram, which label shows the vein?",B,The vein has a larger central space and a valve.,A|B|C,blood-vessels,3
7C Muscles and bones,Visual challenge,"In the blood-vessels diagram, which label shows capillaries?",C,"Capillaries are tiny, thin-walled vessels arranged in a network.",A|B|C,blood-vessels,3
7C Muscles and bones,Practical method,"In the ruler-drop test, what does the distance fallen help estimate?",Reaction time.,"The longer the ruler falls before being caught, the slower the reaction.",Reaction time.|pH value.|Voltage.|Bone strength.,,4
7C Muscles and bones,Spot the mistake,A student says: “Muscles push bones to move them.” What is wrong?,Muscles pull when they contract; they do not push.,Movement usually needs antagonistic pairs.,Muscles pull when they contract; they do not push.|Muscles only work in acids.|Bones contract to pull muscles.|Tendons connect bone to bone.,arm-antagonistic,5
7C Muscles and bones,Spot the mistake,A student says: “Tendons connect bone to bone.” What is wrong?,Tendons connect muscle to bone; ligaments connect bone to bone.,This is a common exam mix-up.,Tendons connect muscle to bone; ligaments connect bone to bone.|Tendons are pH indicators.|Ligaments connect muscles to batteries.|Cartilage carries oxygen.,elbow-joint,5
7C Muscles and bones,Vocabulary,Trachea,The tube that carries air from the mouth and nose down towards the lungs.,Also called the windpipe.,,,1
7C Muscles and bones,Vocabulary,Bronchi,The two main tubes that carry air from the trachea into the lungs.,Each bronchus goes into one lung.,,,1
7C Muscles and bones,Vocabulary,Lungs,Organs where gas exchange happens: oxygen enters the blood and carbon dioxide leaves the blood.,The lungs are protected by the rib cage.,,,2
7C Muscles and bones,Multiple choice,Which organ is the main site of gas exchange?,lungs,Gas exchange means oxygen enters blood and carbon dioxide leaves blood.,lungs|stomach|skull|femur,,2
7C Muscles and bones,Multiple choice,What happens to oxygen during gas exchange in the lungs?,Oxygen moves from the air spaces into the blood.,Oxygen is then carried to body cells for respiration.,Oxygen moves from the air spaces into the blood.|Oxygen is made by the ribs.|Oxygen turns into plasma.|Oxygen leaves the blood and enters the lungs.,,3
7C Muscles and bones,Multiple choice,What happens to carbon dioxide during gas exchange in the lungs?,Carbon dioxide moves from the blood into the air spaces in the lungs.,Carbon dioxide is a waste product of respiration and is exhaled.,Carbon dioxide moves from the blood into the air spaces in the lungs.|Carbon dioxide moves from air into the blood.|Carbon dioxide becomes oxygen in the lungs.|Carbon dioxide is made by bones.,,3
7C Muscles and bones,Vocabulary,Double circulatory system,"A circulation system with two loops: heart to lungs to heart, and heart to body to heart.",Blood passes through the heart twice for each full circuit of the body.,,,2
7C Muscles and bones,Self-test,What are the two loops in the human double circulatory system?,"Heart → lungs → heart, and heart → body → heart.",The lung loop picks up oxygen; the body loop delivers oxygen to cells.,,,4
7C Muscles and bones,Multiple choice,Why does blood go to the lungs in one loop of double circulation?,To pick up oxygen and get rid of carbon dioxide.,Then oxygen-rich blood returns to the heart before being pumped to the body.,To pick up oxygen and get rid of carbon dioxide.|To make bones harder.|To digest food.|To change red blood cells into white blood cells.,,3
7C Muscles and bones,Multiple choice,What happens to the chambers of the heart when heart muscle contracts?,The chambers get smaller and force blood out.,This pumping can be felt as a pulse in arteries.,The chambers get smaller and force blood out.|The chambers fill with air.|The chambers turn into capillaries.|The chambers stop blood moving.,,3
7C Muscles and bones,Vocabulary,Artery adaptation,"Arteries have thick, strong walls to carry blood away from the heart under pressure.",A pulse can be felt in arteries.,,,2
7C Muscles and bones,Vocabulary,Vein adaptation,Veins carry blood back to the heart and have thinner walls than arteries.,"At this level, remember: arteries away, veins back.",,,1
7C Muscles and bones,Vocabulary,Capillary adaptation,"Capillaries are tiny blood vessels with very thin walls, often one cell thick, for exchange with tissues.",Thin walls let oxygen and nutrients leave the blood easily.,,,2
7C Muscles and bones,Multiple choice,Which blood vessel has walls one cell thick for exchange?,capillary,Capillaries link arteries and veins and allow substances to move in and out of blood.,capillary|artery|vein|tendon,,2
7C Muscles and bones,Multiple choice,Which blood vessels carry blood away from the heart?,arteries,Artery starts with A: away from the heart.,arteries|veins|capillaries|ligaments,,2
7C Muscles and bones,Multiple choice,Which blood vessels carry blood back to the heart?,veins,Veins return blood to the heart.,veins|arteries|capillaries|tendons,,2
7C Muscles and bones,Vocabulary,Newton,The unit used to measure force; symbol N.,Example: a force of 10 N.,,,1
7C Muscles and bones,Multiple choice,What unit is force measured in?,newtons,The symbol for newtons is N.,newtons|amps|volts|pH,,2
7C Muscles and bones,Vocabulary,Quadriceps,A group of muscles at the front of the thigh that can help straighten the leg.,"Like biceps/triceps, leg muscles work in antagonistic pairs.",,,2
7C Muscles and bones,Multiple choice,Why do muscles need to work in pairs?,Muscles can pull but cannot push.,One muscle contracts while the other relaxes.,Muscles can pull but cannot push.|Muscles can only push.|Bones contract by themselves.|Tendons make oxygen.,,3
7C Muscles and bones,Vocabulary,Scientific question,A question that can be answered using evidence from observations or experiments.,Example: Does caffeine affect reaction time?,,,1
7C Muscles and bones,Vocabulary,Non-scientific question,A question that cannot be answered by a science experiment or measurement.,Example: Which sport is the most fun?,,,1
7C Muscles and bones,Vocabulary,Ethical question,"A question about what people think is fair, right, or wrong.",Example: Is it right to test a medicine on animals?,,,1
7C Muscles and bones,Multiple choice,Which is a scientific question?,Does exercise change pulse rate?,It can be tested by measuring pulse before and after exercise.,Does exercise change pulse rate?|Is running the best sport?|Should everyone have to exercise?|Is it fair to ban fizzy drinks?,,2
7C Muscles and bones,Multiple choice,Which is an ethical question?,Is it fair to test a new drug on animals?,Ethical questions are about right/wrong and fairness.,Is it fair to test a new drug on animals?|What is pulse rate measured in?|Does caffeine affect reaction time?|How many bones are in the arm?,,2
7C Muscles and bones,Vocabulary,Medicine,A drug used to help prevent or treat disease or pain.,Examples include paracetamol and antibiotics such as penicillin.,,,1
7C Muscles and bones,Vocabulary,Recreational drug,"A drug taken because people like its effects on the body, not mainly to treat illness.",Some recreational drugs are legal and some are illegal.,,,2
7C Muscles and bones,Multiple choice,Which list contains stimulants from the revision pack examples?,"caffeine, cocaine and ecstasy",Stimulants speed up the nervous system.,"caffeine, cocaine and ecstasy|alcohol, heroin and solvents|paracetamol and penicillin|water and plasma",,2
7C Muscles and bones,Multiple choice,Which list contains depressants from the revision pack examples?,"alcohol, heroin and solvents",Depressants slow down the nervous system.,"alcohol, heroin and solvents|caffeine, cocaine and ecstasy|paracetamol and penicillin|oxygen and glucose",,2
7C Muscles and bones,Multiple choice,Which two examples are medicines rather than stimulants or depressants?,paracetamol and penicillin,Paracetamol treats pain; penicillin is an antibiotic.,paracetamol and penicillin|caffeine and cocaine|alcohol and heroin|ecstasy and nicotine,,2
7C Muscles and bones,Vocabulary,Addictive,Able to make someone feel they need to keep taking a drug.,Addiction is one reason drug abuse can be dangerous.,,,1
7C Muscles and bones,Self-test,Give one short-term and one long-term effect that drugs can have.,"Short-term effects can include changed reaction time, mood, alertness or coordination; long-term abuse can damage organs or cause addiction.","A good answer names the drug where possible, for example alcohol can slow reactions and damage the liver if abused.",,,2
7C Muscles and bones,Multiple choice,Why can depressants increase accident risk?,They slow nervous-system impulses and can increase reaction time.,Slower reactions make it harder to respond quickly.,They slow nervous-system impulses and can increase reaction time.|They make bones conduct electricity.|They neutralise stomach acid.|They make capillary walls thicker.,,3
7C Muscles and bones,Self-test,Why must new medicines be tested before doctors use them widely?,"To check that they work, find a safe dose, and identify harmful side-effects.",Testing reduces risk before many people use the medicine.,,,3
7C Muscles and bones,Spot the mistake,A student says: “All drugs are illegal and harmful.” What is wrong?,"Some drugs are medicines that can help treat illness, but drugs can also have risks and side-effects.",Drug means chemical that affects the body; it does not always mean illegal drug.,,,5
7F Acids and alkalis,Vocabulary,Citric acid,An acid found in citrus fruits such as lemons and oranges.,Lemon juice is acidic.,,,1
7F Acids and alkalis,Vocabulary,Ethanoic acid,The acid found in vinegar.,Vinegar is an everyday acidic liquid.,,,1
7F Acids and alkalis,Vocabulary,Red cabbage indicator,A natural indicator made from red cabbage juice that changes colour in acids and alkalis.,It is useful for simple school tests of pH type.,,,2
7F Acids and alkalis,Vocabulary,Phenolphthalein,An indicator that is colourless in more acidic solutions and pink in more alkaline solutions.,Useful in neutralisation/titration demonstrations.,,,2
7F Acids and alkalis,Vocabulary,Methyl orange,An indicator that is red in more acidic solutions and yellow in more alkaline solutions.,It gives different colours in acidic and alkaline solutions.,,,2
7F Acids and alkalis,Multiple choice,Which everyday liquid is acidic because it contains ethanoic acid?,vinegar,Ethanoic acid is the acid in vinegar.,vinegar|oven cleaner|washing powder|pure water,,2
7F Acids and alkalis,Multiple choice,Which everyday liquid is acidic because it contains citric acid?,lemon juice,Citrus fruits contain citric acid.,lemon juice|toothpaste|washing powder|indigestion powder,,2
7F Acids and alkalis,Multiple choice,Which of these is neutral on the pH scale?,pure water,Neutral solutions have pH 7.,pure water|stomach acid|oven cleaner|vinegar,,2
7F Acids and alkalis,Multiple choice,Which example is usually alkaline?,toothpaste,Toothpaste is mildly alkaline and helps neutralise acids in the mouth.,toothpaste|vinegar|lemon juice|fizzy drink,,2
7F Acids and alkalis,Multiple choice,Which example is a strongly alkaline household cleaner?,oven cleaner,Oven cleaner is shown near the high-pH end in the revision pack.,oven cleaner|milk|fizzy drink|lemon juice,,2
7F Acids and alkalis,Multiple choice,Which drink is acidic on the revision pH scale examples?,fizzy drink,Fizzy drinks are acidic.,fizzy drink|pure water|washing powder|oven cleaner,,2
7F Acids and alkalis,Multiple choice,Which substance is used to neutralise extra stomach acid in indigestion?,indigestion powder or antacid,It contains a base/alkali that neutralises stomach acid.,indigestion powder or antacid|vinegar|lemon juice|universal indicator,,2
7F Acids and alkalis,Visual challenge,"In the hazard-symbols diagram, which label shows a corrosive substance?",A,"Label A is corrosive. Corrosive chemicals can damage skin, eyes and materials.",A|B|C|D|E,hazard-symbols,4
7F Acids and alkalis,Visual challenge,"In the hazard-symbols diagram, which label shows a toxic substance?",B,Label B is toxic. Toxic chemicals can poison or seriously harm living things.,A|B|C|D|E,hazard-symbols,4
7F Acids and alkalis,Visual challenge,"In the hazard-symbols diagram, which label shows an explosive substance?",C,Label C is explosive. Explosive substances can burst violently.,A|B|C|D|E,hazard-symbols,4
7F Acids and alkalis,Visual challenge,"In the hazard-symbols diagram, which label shows an irritant or harmful substance?",D,Label D is irritant/harmful. It warns about chemicals that can irritate skin/eyes or cause harm.,A|B|C|D|E,hazard-symbols,4
7F Acids and alkalis,Visual challenge,"In the hazard-symbols diagram, which label shows danger to the environment?",E,Label E is the environmental hazard symbol. It means the chemical can harm organisms or ecosystems.,A|B|C|D|E,hazard-symbols,4
7F Acids and alkalis,Multiple choice,What colour is phenolphthalein in a more acidic solution?,colourless,Phenolphthalein is colourless in more acidic solutions.,colourless|pink|blue|yellow,,2
7F Acids and alkalis,Multiple choice,What colour is phenolphthalein in a more alkaline solution?,pink,Phenolphthalein turns pink in more alkaline solutions.,pink|colourless|red|green,,2
7F Acids and alkalis,Multiple choice,What colour is methyl orange in a more acidic solution?,red,Methyl orange is red in more acidic solutions.,red|yellow|blue|pink,,2
7F Acids and alkalis,Multiple choice,What colour is methyl orange in a more alkaline solution?,yellow,Methyl orange is yellow in more alkaline solutions.,yellow|red|colourless|purple,,2
7F Acids and alkalis,Practical method,How can you make a natural indicator from red cabbage?,"Crush or chop red cabbage, mix it with a small amount of water, filter or decant the coloured liquid, then test it with known acids and alkalis.",Use known solutions first so you can compare the colour changes.,,,5
7F Acids and alkalis,Practical method,How should you use an indicator to test an unknown liquid?,"Add a few drops of indicator to a small sample, observe the colour, and compare with known results or a pH colour chart.",Use small samples and wear eye protection.,,,5
7F Acids and alkalis,Multiple choice,Which tool gives a numerical pH reading directly?,pH meter,Universal indicator estimates pH from colour; a pH meter gives a reading.,pH meter|litmus paper|evaporating dish|ammeter,,2
7F Acids and alkalis,Multiple choice,What does universal indicator paper need to be compared with?,a pH colour chart,The colour chart converts the indicator colour into an estimated pH.,a pH colour chart|a circuit symbol|a pulse rate|a tendon,,5
7F Acids and alkalis,Equation/relationship,hydrochloric acid + sodium hydroxide → ?,sodium chloride + water,Hydrochloric acid makes chloride salts.,,,3
7F Acids and alkalis,Equation/relationship,sulfuric acid + magnesium oxide → ?,magnesium sulfate + water,Sulfuric acid makes sulfate salts; magnesium oxide is a base.,,,3
7F Acids and alkalis,Equation/relationship,nitric acid + zinc oxide → ?,zinc nitrate + water,Nitric acid makes nitrate salts; zinc oxide is a base.,,,3
7F Acids and alkalis,Equation/relationship,hydrochloric acid + potassium hydroxide → ?,potassium chloride + water,The metal name comes from the alkali/base; chloride comes from hydrochloric acid.,,,3
7F Acids and alkalis,Equation/relationship,sulfuric acid + calcium oxide → ?,calcium sulfate + water,Acid + base makes salt + water.,,,3
7F Acids and alkalis,Equation/relationship,nitric acid + sodium hydroxide → ?,sodium nitrate + water,Sodium comes from sodium hydroxide; nitrate comes from nitric acid.,,,3
7F Acids and alkalis,Multiple choice,Which salt is made from sulfuric acid and copper oxide?,copper sulfate,Copper comes from copper oxide; sulfate comes from sulfuric acid.,copper sulfate|copper chloride|sodium sulfate|magnesium nitrate,,2
7F Acids and alkalis,Multiple choice,Which salt is made from hydrochloric acid and zinc oxide?,zinc chloride,Zinc comes from zinc oxide; chloride comes from hydrochloric acid.,zinc chloride|zinc nitrate|sodium chloride|magnesium sulfate,,2
7F Acids and alkalis,Self-test,How do antacids help with indigestion?,They contain a base or alkali that neutralises extra stomach acid.,Neutralisation makes salt and water.,,,4
7F Acids and alkalis,Self-test,Why can toothpaste help protect teeth from acids?,Toothpaste is mildly alkaline and helps neutralise acids in the mouth.,Acids in the mouth can attack teeth.,,,3
7F Acids and alkalis,Self-test,Why might farmers add a base to soil?,To neutralise soil that is too acidic for crops.,This is an everyday neutralisation example.,,,4
7F Acids and alkalis,Self-test,Why are alkalis used with acidic gases from power stations?,The alkali neutralises the acidic gases before they are released.,This reduces harm from acidic pollution.,,,3
7F Acids and alkalis,Self-test,How can sulfuric acid help remove rust?,"It reacts with iron oxide in rust to make iron sulfate, helping remove rust from the surface.",This is an acid + metal oxide reaction example.,,,2
7F Acids and alkalis,Spot the mistake,A student says: “Diluting an acid makes it an alkali.” What is wrong?,"Diluting an acid makes it less concentrated and usually less acidic, but it does not turn it into an alkali.",The pH moves closer to 7 but stays below 7 unless a neutralisation reaction happens.,,,5
7F Acids and alkalis,Spot the mistake,A student says: “A concentrated acid is always the same idea as a strong acid.” What is wrong?,"Concentrated means a lot of acid particles in a certain volume; strong acid is a different chemistry idea. In Year 7, use more acidic/less acidic when reading pH.",This app now avoids using strong when it only means low pH.,,,5
7J Current electricity,Vocabulary,Physical model,A model that you can touch or build to represent something.,Example: a water/central-heating model of a circuit.,,,3
7J Current electricity,Vocabulary,Abstract model,"A model that exists as an idea, drawing, equation or diagram rather than a touchable object.",Circuit diagrams and mental models can be abstract models.,,,2
7J Current electricity,Vocabulary,Scientific model,A simplified representation used to explain or predict how something works.,Models are useful but they are not exactly the same as the real thing.,,,3
7J Current electricity,Multiple choice,Why is a central-heating system a useful model for an electric circuit?,"It helps picture flow around a loop, even though charges are too small to see directly.","Models help explain invisible processes, but they are never perfect copies.","It helps picture flow around a loop, even though charges are too small to see directly.|It proves electricity is actually water in wires.|It removes the need to test real circuits.|It shows that charge disappears inside bulbs.",,4
7J Current electricity,Self-test,"In the central-heating model of a circuit, what represents the cell or power supply?",The boiler and pump.,"They provide the push/energy, like the cell in a circuit.",,,5
7J Current electricity,Self-test,"In the central-heating model of a circuit, what represent the wires?",The pipes.,Pipes carry water around the heating system; wires provide the path for charges.,,,5
7J Current electricity,Self-test,"In the central-heating model of a circuit, what represent the bulbs?",The radiators.,"Radiators transfer energy in the model, like bulbs transfer electrical energy to light and heat.",,,5
7J Current electricity,Spot the mistake,Why is the central-heating model not exactly the same as an electric circuit?,"Water is not the same as electric charge, and the parts of the heating system do not behave exactly like circuit components.","A model is useful when it helps explain some features, but it always has limits.",,,5
7J Current electricity,Multiple choice,Which example is a physical model rather than an abstract model?,A touchable model circuit made with pipes and a pump.,"Physical models can be touched or built; abstract models are ideas, diagrams or simulations.",A touchable model circuit made with pipes and a pump.|The idea that voltage is like a push.|A truth table for switches.|A circuit diagram only drawn on paper.,,4
7J Current electricity,Multiple choice,Which example is an abstract model of a circuit?,A circuit diagram used to represent a real circuit.,A circuit diagram is not the real circuit; it represents the parts and connections.,"A circuit diagram used to represent a real circuit.|A working circuit made from cells, wires and bulbs.|A plastic model of a plug.|A metal wire used in an experiment.",,4
7J Current electricity,Multiple choice,AND circuit: switch A is open and switch B is closed. What happens to the lamp?,The lamp stays off because both switches must be closed.,"In an AND circuit, one open switch is enough to break the path.",The lamp stays off because both switches must be closed.|The lamp lights because switch B is closed.|The lamp lights dimly because one switch is closed.|The lamp becomes brighter than normal.,,4
7J Current electricity,Multiple choice,AND circuit: switch A is closed and switch B is closed. What happens to the lamp?,The lamp lights because the complete path is closed.,Both switches closed satisfies the AND condition.,The lamp lights because the complete path is closed.|The lamp stays off because an AND circuit never lights.|The current stops at the second switch.|Only one switch may be closed in an AND circuit.,,3
7J Current electricity,Multiple choice,OR circuit: switch A is open and switch B is closed. What happens to the lamp?,The lamp lights because one complete branch is enough.,"In an OR circuit, either switch can complete a path.",The lamp lights because one complete branch is enough.|The lamp stays off because both switches must be closed.|The lamp lights only if switch A is closed instead.|The cell voltage becomes zero.,,4
7J Current electricity,Multiple choice,OR circuit: switch A is open and switch B is open. What happens to the lamp?,The lamp stays off because neither branch is complete.,OR needs at least one closed branch.,The lamp stays off because neither branch is complete.|The lamp lights because there are two branches.|The lamp flashes because current swaps branches.|The lamp lights if the wires are metal.,,3
7J Current electricity,Vocabulary,Voltage division in series,"In a series circuit, the supply voltage is shared between components.",More components in series share the energy transfer.,,,2
7J Current electricity,Vocabulary,Voltage in parallel,Components connected across the same cell in parallel get the same voltage as each other.,Each branch has its own path across the supply.,,,2
7J Current electricity,Multiple choice,Two identical lamps are connected in series across one cell. Which statement about voltage is best?,The supply voltage is shared between the two lamps.,"In series, voltage is divided across components.","The supply voltage is shared between the two lamps.|Each lamp gets the full supply voltage independently.|The first lamp uses all the voltage and the second gets none.|Voltage only exists in the wires, not across lamps.",,4
7J Current electricity,Multiple choice,Two identical lamps are connected in parallel across the same cell. Which statement about voltage is best?,Each branch gets the same supply voltage.,Parallel branches are connected across the same two points.,Each branch gets the same supply voltage.|The top branch gets all the voltage.|The voltage is split equally between the branches.|The voltage becomes current in each branch.,,4
7J Current electricity,Vocabulary,Electrical shock,Injury caused when electric current passes through the body.,Severe shocks can stop the heart working.,,,2
7J Current electricity,Vocabulary,Electrical burn,A burn caused by electricity heating body tissue or materials.,Electricity can cause burns and fires if used unsafely.,,,1
7J Current electricity,Multiple choice,Which set lists realistic hazards from unsafe electricity use?,"Electric shock, burns and fire.",Hazards can cause harm; safe features reduce risk.,"Electric shock, burns and fire.|High current, overheating and electric shock.|Loose cable grip, damaged insulation and wet hands.|Correct fuse, insulated wire and switched-off supply.",,4
7J Current electricity,Multiple choice,Why does using electrical equipment with wet hands increase risk?,"Water can lower the resistance of the path through your body, so current may pass more easily.",Current through the body can be dangerous.,"Water can lower the resistance of the path through your body, so current may pass more easily.|Water always turns the circuit off before current flows.|Wet skin makes voltage disappear.|Water changes live wire into earth wire.",,4
7J Current electricity,Multiple choice,Several high-current appliances are connected to one socket. What is the main danger?,Too much current can overheat the wires and start a fire.,Overload means current is larger than the wiring or fuse rating should allow.,Too much current can overheat the wires and start a fire.|The voltage becomes shared equally between people.|The neutral wire turns into an insulator.|The appliance becomes a parallel model.,,4
7J Current electricity,Multiple choice,"Before changing a bulb or resistor in a school circuit, what should you do first?",Switch off the power supply.,Always make the circuit safe before touching or changing components.,Switch off the power supply.|Increase the voltage to test it faster.|Hold both terminals to check current.|Remove the insulating cover from the leads.,,3
7J Current electricity,Multiple choice,Why are cells usually used for school circuit experiments instead of mains electricity?,"Cells provide a much lower voltage, so the risk is lower.","Lower voltage does not mean zero risk, but it is safer for classroom circuits.","Cells provide a much lower voltage, so the risk is lower.|Cells have no electrical energy.|Cells cannot produce current.|Mains electricity is only dangerous in series circuits.",,3
7J Current electricity,Multiple choice,A fault causes a very large current. What happens to the fuse?,The fuse wire melts and opens the circuit.,Fuse rating is the largest current a fuse should carry before melting.,The fuse wire melts and opens the circuit.|The fuse wire gets thicker and carries more current.|The fuse measures voltage across the appliance.|The fuse changes live wire into neutral wire.,,4
7J Current electricity,Multiple choice,How is a circuit breaker similar to a fuse?,It cuts off the current when the current is too large.,"Unlike a fuse, a circuit breaker can usually be reset.",It cuts off the current when the current is too large.|It increases current to protect the appliance.|It measures resistance in the earth wire.|It turns series circuits into parallel circuits.,,4
7J Current electricity,Multiple choice,Which row gives the correct UK-style plug wire colours?,"Live brown, neutral blue, earth green/yellow.",Brown = live; blue = neutral; green/yellow = earth.,"Live brown, neutral blue, earth green/yellow.|Live blue, neutral brown, earth green/yellow.|Live green/yellow, neutral blue, earth brown.|Live red, neutral black, earth blue.",,4
7J Current electricity,Multiple choice,Two wires are made from the same material and have the same length. Which wire has higher resistance?,The thinner wire.,"Thin wires have less space for charges to flow, so resistance is higher.",The thinner wire.|The thicker wire.|They must both have zero resistance.|The wire connected to the voltmeter only.,,4
7J Current electricity,Multiple choice,"A wire is made longer, but the material and thickness stay the same. What happens to resistance?",Resistance increases.,Longer wires usually have greater resistance.,Resistance increases.|Resistance decreases to zero.|Current becomes the unit volt.|The wire becomes a cell.,,4
7J Current electricity,Multiple choice,Which set of factors can affect the resistance of a wire?,"Length, thickness and material.","At this level, these are the main wire factors to remember.","Length, thickness and material.|Colour, smell and shape of the plug.|Only the number of switches.|Only whether the wire is in series.",,4
7J Current electricity,Self-test,Why are house lights usually wired in parallel rather than series?,"Parallel wiring lets each light have its own branch, so lights can be switched independently and one broken lamp does not turn all the others off.",This matches the revision pack idea that branches stay on when another branch breaks.,,,3
7J Current electricity,Self-test,How can a variable resistor control a lamp or motor?,"Changing resistance changes the current, which can change lamp brightness or motor speed.",Higher resistance usually means lower current.,,,4
7C Muscles and bones,Visual challenge,"In the two-panel breathing diagram, which panel shows inhalation?",A,"Panel A shows air moving in, ribs moving out, and the diaphragm moving down.",A|B|C|D,breathing-two-panel,3
7C Muscles and bones,Visual challenge,"In the two-panel breathing diagram, which panel shows exhalation?",B,"Panel B shows air moving out, ribs moving in, and the diaphragm moving up.",A|B|C|D,breathing-two-panel,3
7C Muscles and bones,Visual challenge,"In the two-panel breathing diagram, which label shows the trachea (airway)?",C,"Label C points to the trachea, the tube that carries air to and from the lungs.",A|B|C|D,breathing-two-panel,3
7C Muscles and bones,Visual challenge,"In the two-panel breathing diagram, which label shows the diaphragm?",D,"Label D points to the diaphragm, the sheet of muscle under the lungs.",A|B|C|D,breathing-two-panel,3
7C Muscles and bones,Visual challenge,"In the double-circulation diagram, which label shows the lungs?",A,Label A marks the lungs. One loop of circulation goes from the heart to the lungs and back.,A|B|C|D|E,double-circulation,4
7C Muscles and bones,Visual challenge,"In the double-circulation diagram, which label shows blood flowing from the lungs back to the heart?",B,Label B shows the route from the lungs back to the heart.,A|B|C|D|E,double-circulation,4
7C Muscles and bones,Visual challenge,"In the double-circulation diagram, which label shows the heart?",C,"Label C marks the heart, which pumps blood to the lungs and to the rest of the body.",A|B|C|D|E,double-circulation,4
7C Muscles and bones,Visual challenge,"In the double-circulation diagram, which label shows blood flowing from the heart to the body?",D,Label D shows blood being pumped from the heart to the body.,A|B|C|D|E,double-circulation,4
7C Muscles and bones,Visual challenge,"In the double-circulation diagram, which label shows blood returning from the body to the heart?",E,Label E shows blood returning from the body back to the heart.,A|B|C|D|E,double-circulation,4
7J Current electricity,Visual challenge,"In the plug-safety diagram, which label shows the earth wire connection?",A,Label A points to the earth connection at the top of the plug.,A|B|C|D|E,plug-safety,4
7J Current electricity,Visual challenge,"In the plug-safety diagram, which label shows the live wire connection?",B,"Label B points to the live wire connection. In a UK plug, the live wire is brown.",A|B|C|D|E,plug-safety,4
7J Current electricity,Visual challenge,"In the plug-safety diagram, which label shows the fuse?",C,"Label C points to the fuse, which melts if the current gets too high.",A|B|C|D|E,plug-safety,4
7J Current electricity,Visual challenge,"In the plug-safety diagram, which label shows the neutral wire connection?",D,"Label D points to the neutral wire connection. In a UK plug, the neutral wire is blue.",A|B|C|D|E,plug-safety,4
7J Current electricity,Visual challenge,"In the plug-safety diagram, which label shows the cable grip?",E,"Label E points to the cable grip, which stops the wires being pulled loose.",A|B|C|D|E,plug-safety,4
7J Current electricity,Visual challenge,"In the central-heating comparison diagram, which letter shows the boiler?",A,"Label A points to the boiler, which is part of the model for the power source.",A|B|C,central-heating-model,5
7J Current electricity,Visual challenge,"In the central-heating comparison diagram, which letter shows a radiator?",B,"Label B points to a radiator. In the model, radiators are like bulbs because they transfer energy.",A|B|C,central-heating-model,5
7J Current electricity,Visual challenge,"In the central-heating comparison diagram, which letter shows the pump?",C,"Label C points to the pump, which helps move the water around the system.",A|B|C,central-heating-model,5
7J Current electricity,Visual challenge,"In the electric-circuit part of the comparison diagram, which number shows the cell?",1,"Number 1 points to the cell, which is the power source in the circuit.",1|2|3,central-heating-model,3
7J Current electricity,Visual challenge,"In the electric-circuit part of the comparison diagram, which number shows a bulb?",2,Number 2 is one bulb. Number 3 is the other bulb in the series circuit.,1|2|3,central-heating-model,4
7C Muscles and bones,Visual challenge,"In the breathing diagram, which label shows the rib cage?",C,Label C points to the rib cage around the lungs.,C|A|B|D,lungs-diaphragm,3
7C Muscles and bones,Visual challenge,"In the gas exchange diagram, which label shows the capillary blood vessel?",C,The capillary is the blood vessel next to the alveolus.,A|B|C,alveolus-gas-exchange,4
7F Acids and alkalis,Visual challenge,"In the neutralisation practical diagram, which label shows the burette?",A,Label A points to the burette held on the clamp stand.,A|B|C|D,neutralisation-setup,4
7F Acids and alkalis,Visual challenge,"In the neutralisation practical diagram, which label shows the conical flask?",B,Label B points to the conical flask under the burette.,B|A|C|D,neutralisation-setup,4
7F Acids and alkalis,Visual challenge,"In the neutralisation practical diagram, which label shows the indicator bottle?",C,Label C points to the indicator bottle or dropper.,C|A|B|D,neutralisation-setup,4
7F Acids and alkalis,Visual challenge,"In the neutralisation practical diagram, which label shows the beaker?",D,Label D points to the beaker of solution.,D|A|B|C,neutralisation-setup,4
7F Acids and alkalis,Visual challenge,"In the evaporation setup diagram, which label shows the evaporation dish?",A,Label A points to the evaporation dish containing the solution.,A|B|C,evaporation-dish,3
7F Acids and alkalis,Visual challenge,"In the evaporation setup diagram, which label shows the support or tripod with gauze?",B,Label B points to the support holding the evaporation dish above the flame.,A|B|C,evaporation-dish,3
7F Acids and alkalis,Visual challenge,"In the evaporation setup diagram, which label shows the Bunsen burner?",C,Label C points to the Bunsen burner under the dish.,A|B|C,evaporation-dish,4
7F Acids and alkalis,Visual challenge,"In the dilution safety diagram, which label shows the water in the beaker?",A,Label A points to the water already in the beaker.,A|B|C,dilution-method,4
7F Acids and alkalis,Visual challenge,"In the dilution safety diagram, which label shows the acid container?",B,Label B points to the acid container being tipped.,B|A|C,dilution-method,4
7F Acids and alkalis,Visual challenge,"In the dilution safety diagram, which label shows the safe pouring direction?",C,Label C points to the direction showing acid being added to water safely.,C|A|B,dilution-method,5
7C Muscles and bones,Visual challenge,"In the ruler-drop test diagram, which label shows the ruler?",A,Label A points to the ruler that is dropped.,A|B|C,reaction-time-ruler,3
7C Muscles and bones,Visual challenge,"In the ruler-drop test diagram, which label shows the catching hand?",B,Label B points to the hand that catches the ruler.,B|A|C,reaction-time-ruler,3
7C Muscles and bones,Visual challenge,"In the ruler-drop test diagram, which label shows the measured falling distance?",C,Label C points to the distance the ruler falls before it is caught.,C|A|B,reaction-time-ruler,5
7J Current electricity,Visual challenge,"In the comparison diagram, which circuit has only one loop for current?",A,One loop means series.,A|B,circuit-comparison,4
7J Current electricity,Visual challenge,"In the comparison diagram, which circuit has two branches for current?",B,Branches mean parallel.,B|A,circuit-comparison,4
7J Current electricity,Visual challenge,"In the comparison diagram, which circuit could keep one bulb on if the other bulb breaks?",B,A different complete branch can still work in a parallel circuit.,B|A,circuit-comparison,5
7J Current electricity,Visual challenge,"Which circuit is series, and what feature shows this?",A,Circuit A has one loop with no branches.,A|B,circuit-comparison,4
7J Current electricity,Visual challenge,"Which circuit is parallel, and what feature shows this?",B,Circuit B splits into two paths and then joins again.,B|A,circuit-comparison,4
7J Current electricity,Visual challenge,"In the series circuit diagram, why would both bulbs go out if the wire broke at one point?","There is only one path, so one break stops current everywhere.",Series circuit = one path.,"There is only one path, so one break stops current everywhere.|There are two branches, so current can avoid the break.|The cell can push current through air gaps.|Only the bulb nearest the break is affected.",circuit-series,4
7J Current electricity,Visual challenge,"In the parallel circuit diagram, why can the two lamps work independently?",They are on separate branches connected across the cell.,Parallel branches each have their own path.,They are on separate branches connected across the cell.|They are both on one loop with no branch.|The current is used up in the first branch.|The lamps are not part of complete circuits.,circuit-parallel,4
7J Current electricity,Visual challenge,AND diagram: switch A is closed and switch B is open. Which explanation is correct?,"No, because the open switch still leaves a gap in the only path.",Both switches must be closed in an AND circuit.,"No, because the open switch still leaves a gap in the only path.|Yes, because closing either switch is enough.|Yes, because current can choose the other branch.|No, because AND circuits cannot include lamps.",circuit-and-switches,4
7J Current electricity,Visual challenge,OR diagram: switch A is closed and switch B is open. Which explanation is correct?,"Yes, because one closed branch completes the circuit.",Either branch can complete the circuit in an OR arrangement.,"Yes, because one closed branch completes the circuit.|No, because both branches must be closed.|No, because the open branch blocks all current.|Yes, but only because the cell has two voltages.",circuit-or-switches,4
7J Current electricity,Visual challenge,"In the short-circuit mistake diagram, why is the extra wire a problem?",It gives current a low-resistance path that bypasses the lamp.,A short circuit can stop the intended component from working and may be dangerous.,It gives current a low-resistance path that bypasses the lamp.|It puts the lamp correctly in series with the cell.|It turns the wire into a voltmeter.|It makes the switch open automatically.,circuit-short-mistake,5
7J Current electricity,Multiple choice,"Look at the series circuit. One ammeter reads 3 A. What should the other ammeter read, and why?",3 A,The current is the same everywhere in a series circuit.,3 A|1 A because three bulbs share the current|1.5 A because there are two ammeters|0 A because current is used up by the bulbs,circuit-dual-ammeters,4
7J Current electricity,Multiple choice,"Look at circuits X, Y and Z. Which circuits have more than one path for current?",X and Y only,Parallel means branches. A circuit can be drawn in different shapes and still be parallel.,X and Y only|X and Z only|Y and Z only|all of them,circuit-xyz-parallel,4
7J Current electricity,Multiple choice,Look at circuits A–D. Which circuits contain branches rather than one single loop?,"A, C and D","Identify the separate paths, not just the shape of the outside wire.","A, C and D|A and B only|B and C only|B only",circuit-pack-four,4
7J Current electricity,Visual challenge,Look at circuits A–D. Which two circuits would behave in the same way when the switch is closed? Explain why.,A and C are equivalent because both have two bulbs in parallel controlled together by one switch.,Equivalent circuits can be drawn differently but have the same connections.,,circuit-pack-four,5
7J Current electricity,Spot the mistake,Drawing A has a circuit-symbol mistake. Explain the mistake and give the corrected rule.,The cell/battery symbol uses equal-sized lines. Cell symbols should use one long line and one short line.,Long and short lines show the two terminals of a cell.,,circuit-pack-mistakes,4
7J Current electricity,Spot the mistake,Drawing C shows two different ammeter readings in one series loop. Explain why this cannot be right.,"Current is the same everywhere in one series loop, so the two ammeters should read the same value.",Current is not used up as it goes around a series circuit.,,circuit-pack-mistakes,5
7J Current electricity,Spot the mistake,Drawing D has an open switch but the ammeter reads 0.5 A. Explain the mistake.,"The open switch makes the circuit incomplete, so no current should flow and the ammeter should read 0 A.",An open switch creates a gap.,,circuit-pack-mistakes,4
7J Current electricity,Spot the mistake,Drawing H shows a battery pack with one cell reversed. Explain why that is a mistake.,"One cell is facing the wrong way, so it does not add its voltage in the same direction as the others.",Cells in a battery need to be connected the right way round.,,circuit-pack-mistakes,5
7J Current electricity,Self-test,Circuit D has one branch with a switch and another branch without it. Explain why one bulb can still light when that switch is open.,"The open switch breaks only the middle branch. The other branch still has a complete path across the cell, so its bulb can light.",Trace each branch separately.,,circuit-pack-four,5
7J Current electricity,Visual challenge,"Use the concept map starter to make a linked explanation using electricity, charges, current and conductors.","Electricity transfers energy. In a complete circuit made from conductors, charges flow around the circuit. The flow of charge is called current.","A good answer links the terms, not just lists definitions.",,circuit-concept-map,4
